title,link,discount_price,normal_price
Vereenvoudigde Pakket 216 x 3mm Buckyballs Magnetic DIY Balls Neocube TTH-417687,https://web.archive.org/web/20180324020147/https:/www.tinydeal.com/nl/simplified-package-216-x-3mm-buckyballs-magnetic-diy-balls-neocube-p-153376.html,"Ft1,207","Ft1,683 "
HBQ i7 TWS Wireless Bluetooth hoofdtelefoon V4.2 Binaural koptelefoon EEP-541323,https://web.archive.org/web/20180324020147/https:/www.tinydeal.com/nl/hbq-i7-tws-wireless-bluetooth-headphone-v42-binaural-earphone-p-172509.html,"Ft2,668","Ft4,837 "
1/2 stuks Mini Camera SQ11 Night Vision FOV140 1080P DV Video Recorder ECM-533708,https://web.archive.org/web/20180324020147/https:/www.tinydeal.com/nl/12-pcs-mini-camera-sq11-night-vision-fov140-1080p-dv-video-recorder-p-168604.html,"Ft2,466","Ft4,411 "
Multifunctionele waterdichte siliconen optreden Repair Bonding Rescue WireTape HHI-543537,https://web.archive.org/web/20180324020147/https:/www.tinydeal.com/nl/multifunction-waterproof-silicone-performance-repair-bonding-rescue-wiretape-p-172852.html,Ft527,Ft673 
Digitale Alcohol Breath Tester Pocket Analyzer blaastest Detector HHI-531632,https://web.archive.org/web/20180324020147/https:/www.tinydeal.com/nl/digital-alcohol-breath-tester-pocket-analyzer-breathalyzer-detector-p-166383.html,Ft954,"Ft1,648 "
HTC-D13 DLP-projector met TV Box Android 7.1 2G 16G 720P TF USB 3.0 HD BT WiFi OPJ-539635,https://web.archive.org/web/20180324020147/https:/www.tinydeal.com/nl/htc-d13-dlp-projector-with-tv-box-android-71-2g-16g-720p-tf-usb-30-hd-bt-wifi-p-170946.html,"Ft62,829","Ft69,086 "
4 stuks Vervangende opzetborstels voor Braun Oral B EB-25A HHI-539617,https://web.archive.org/web/20180324020147/https:/www.tinydeal.com/nl/4pcs-replacement-toothbrush-heads-for-braun-oral-b-eb-25a-p-170943.html,Ft653,Ft739 
Mini LED Key Finder Locator Vind verloren sleutels Chain Sleutelhanger Whistle Sound Control HHI-534396,https://web.archive.org/web/20180324020147/https:/www.tinydeal.com/nl/mini-led-key-finder-locator-find-lost-keys-chain-keychain-whistle-sound-control-p-170166.html,Ft401,Ft739 
Universele micro-USB OTG TF / SD Card Reader voor Smartphone Tablet PC ECACR-483880,https://web.archive.org/web/20180324020147/https:/www.tinydeal.com/nl/universal-micro-usb-otg-tfsd-card-reader-for-smartphone-tablet-pc-p-156504.html,Ft300,Ft677 
10st Kleurrijke Rose Flower Plant Zaden TDS-378192,https://web.archive.org/web/20180324020147/https:/www.tinydeal.com/nl/10pcs-colorful-rose-flower-plant-seeds-p-145998.html,Ft245,Ft769 
216 x 3mm Buckyballs Magic Magnetic DIY Balls Neocube puzzel speelgoed FMC-77085,https://web.archive.org/web/20180324020147/https:/www.tinydeal.com/nl/216-x-3mm-buckyballs-magic-magnetic-diy-balls-neocube-puzzle-toy-p-53856.html,"Ft1,457","Ft1,830 "
1/2/4 stuks 5 Tweede Fix Liquid Plastic Welding Kit HHI-516316,https://web.archive.org/web/20180324020147/https:/www.tinydeal.com/nl/124-pcs-5-second-fix-liquid-plastic-welding-kit-p-160671.html,Ft688,"Ft1,500 "
"M2 Smart Armband van 0,42 '' OLED BT 4.0 stappenteller Hartslag Tracker E-538470",https://web.archive.org/web/20180324020147/https:/www.tinydeal.com/nl/m2-smart-bracelet-wristband-042-oled-bt-40-pedometer-heart-rate-tracker-p-170985.html,"Ft3,273","Ft4,843 "
DM98 Smart Watch Phone Android 4.4 Big Screen 1.3MP Camera 3G GPS Wifi E-523320,https://web.archive.org/web/20180324020147/https:/www.tinydeal.com/nl/dm98-smart-watch-phone-android-44-big-screen-13mp-camera-3g-gps-wifi-p-163325.html,"Ft23,138","Ft24,389 "
Multipurpose Level Laser Measure Line 8ft w Gecorrigeerd Standaard en metrische heersers HHIHE-530682,https://web.archive.org/web/20180324020147/https:/www.tinydeal.com/nl/multipurpose-level-laser-measure-line-8ft-w-adjusted-standard-and-metric-rulers-p-166086.html,"Ft2,106","Ft3,914 "
K2 scherm Kleurrijke Heart Rate Smart Armband IP68 Waterproof lange standby-tijd E-542111,https://web.archive.org/web/20180324020147/https:/www.tinydeal.com/nl/k2-colorful-screen-heart-rate-smart-bracelet-ip68-waterproof-long-standby-time-p-172364.html,"Ft8,640","Ft16,563 "
1/4/10 pcs 3M VHB Double Sided Adhesive Acrylic Foam Tape Scotch Tape RTH-545063,https://web.archive.org/web/20180324020147/https:/www.tinydeal.com/nl/1410-pcs-3m-vhb-double-sided-adhesive-acrylic-foam-tape-scotch-tape--p-173455.html,Ft452,Ft912 
1/2 stuks Unisex Wallet Slim Leather Wallet Card Case Credit Bag blokkeren Wallet HHI-532575,https://web.archive.org/web/20180324020147/https:/www.tinydeal.com/nl/12-pcs-unisex-wallet-slim-leather-wallet-card-case-credit-bag-blocking-wallet-p-166930.html,Ft865,"Ft1,445 "
1/2/4 Set van 25-in-1 schroevendraaiers met Storage schroevendraaier Repair Tool Set HHI-530590,https://web.archive.org/web/20180324020147/https:/www.tinydeal.com/nl/124-set-of-25-in-1-screwdrivers-with-storage-head-screwdriver-repair-tool-set-p-165953.html,"Ft1,358","Ft1,601 "
Aquapel voorruit Water Rain Repellant Behandeling voor Car Auto HHI-539982,https://web.archive.org/web/20180324020147/https:/www.tinydeal.com/nl/aquapel-windshield-glass-water-rain-repellant-treatment-for-car-auto-p-171223.html,Ft905,"Ft1,425 "
Praktische Opvouwbaar Silicone Funnel - Diverse Kleur HKI-325602,https://web.archive.org/web/20180324020147/https:/www.tinydeal.com/nl/practical-foldable-silicone-funnel-assorted-color-p-133198.html,Ft343,Ft478 
100st Zaailingen geplant Sponge Net Pot Voegt Clone Collar Foam Insert HHI-541907,https://web.archive.org/web/20180324020147/https:/www.tinydeal.com/nl/100pcs-seedlings-planted-sponge-net-pot-inserts-clone-collar-foam-insert-p-172043.html,Ft543,Ft925 
7 kleuren LED veranderende digitale wekker thermometer Night Gloeiende Cube HHI-533140,https://web.archive.org/web/20180324020147/https:/www.tinydeal.com/nl/7-color-led-changing-digital-alarm-clock-thermometer-night-glowing-cube-p-167870.html,"Ft1,328","Ft2,446 "
Magnetic Gas Indicatie Propaan Butaan LPG Brandstof Tankindicatie HHI-540934,https://web.archive.org/web/20180324020147/https:/www.tinydeal.com/nl/magnetic-gas-level-indicator-propane-butane-lpg-fuel-gas-tank-level-indicator-p-171607.html,Ft718,Ft967 
Draadloze oplader voor de iPhone X / 8/8 Plus Universal Qi Wireless Charging Pad EPACG-520235,https://web.archive.org/web/20180324020147/https:/www.tinydeal.com/nl/wireless-charger-for-iphone-x-8-8-plus-universal-qi-wireless-charging-pad-p-161838.html,"Ft1,235","Ft1,601 "
1/2/4 stuks Original Xiaomi WIFI versterker 2 300Mbps Wireless WiFi Extender E-523361,https://web.archive.org/web/20180324020147/https:/www.tinydeal.com/nl/124-pcs-original-xiaomi-wifi-amplifier-2-300mbps-wireless-wi-fi-extender-p-163175.html,"Ft2,315","Ft4,329 "
Universal 6 '' Phone Lanyard ketting en polsriem Card Bag Holder w Lanyard HHITH-543753,https://web.archive.org/web/20180324020147/https:/www.tinydeal.com/nl/universal-6-phone-lanyard-necklace-wrist-strap-card-bag-holder-w-lanyard-p-172964.html,Ft451,Ft784 
1 paar siliconen Magnetic Afvallen Toe Rings HBI-13397,https://web.archive.org/web/20180324020147/https:/www.tinydeal.com/nl/1-pair-of-silicone-magnetic-losing-weight-toe-rings-p-12727.html,Ft236,Ft857 
216 x 5mm Buckyballs Magic Magnetic DIY Balls FTY-12600,https://web.archive.org/web/20180324020147/https:/www.tinydeal.com/nl/216-x-5mm-buckyballs-magic-magnetic-diy-balls-p-11077.html,"Ft2,978","Ft4,783 "
Instant tanden Comfort Flex Perfect Smile Veneer Silicone False Tooth Cover BBI-539951,https://web.archive.org/web/20180324020147/https:/www.tinydeal.com/nl/instant-smile-teeth-comfort-flex-perfect-smile-veneer-silicone-false-tooth-cover-p-171152.html,Ft660,"Ft1,211 "
GM320 infrarood-thermometer Non-Contact Laser Gun IR thermometer EDT-528767,https://web.archive.org/web/20180324020147/https:/www.tinydeal.com/nl/gm320-infrared-thermometer-non-contact-laser-gun-ir-thermometer-p-165306.html,"Ft2,416","Ft4,245 "
2 stuks Origineel Xiaomi USB Type-C naar Micro USB Adapter KB-524039,https://web.archive.org/web/20180324020147/https:/www.tinydeal.com/nl/2pcs-original-xiaomi-usb-type-to-micro-usb-adapter-p-163466.html,Ft742,"Ft1,766 "
Mini Retro Classic Games Consoles Video Game NES TV Player w Ingebouwde 620 Games EVG-541219,https://web.archive.org/web/20180324020147/https:/www.tinydeal.com/nl/mini-retro-classic-games-consoles-video-game-nes-tv-player-w-built-in-620-games-p-171878.html,,
Outdoor draagbare sleutel stijl Pocket Folding Knife mini sleutelhanger Knife S-523854,https://web.archive.org/web/20180324020147/https:/www.tinydeal.com/nl/outdoor-portable-key-style-pocket-folding-knife-mini-key-ring-knife-p-163464.html,Ft463,Ft818 
"Glow in the Dark Green Luminous Tape Sticker 13 voet Lengte x 0,8 inch Breedte HHI-540155",https://web.archive.org/web/20180324020147/https:/www.tinydeal.com/nl/glow-in-the-dark-green-luminous-tape-sticker-13-feet-length-x-08-inch-width-p-171138.html,Ft641,Ft963 
"1.4"" LCD Digitale thermometer - Black HUI-26047",https://web.archive.org/web/20180324020147/https:/www.tinydeal.com/nl/14-lcd-digital-thermometer-black-p-21871.html,Ft632,"Ft1,280 "
Twin Draft Guard Extreme in Bruin Energy Door Saving Draft Stopper HHI-540166,https://web.archive.org/web/20180324020147/https:/www.tinydeal.com/nl/twin-draft-guard-extreme-in-brown-energy-saving-door-draft-stopper-p-171173.html,Ft754,Ft937 
Portable Wetenschappelijk bewezen Super Soft Neck Ondersteuning Lichtgewicht Travel Pillow HHI-544698,https://web.archive.org/web/20180324020147/https:/www.tinydeal.com/nl/portable-scientifically-proven-super-soft-neck-support-lightweight-travel-pillow-p-173371.html,"Ft2,322","Ft3,465 "
127 x 30cm DIY Carbon Fiber Wrap Roll Sticker voor Car Vehicle Detaillering RTH-533658,https://web.archive.org/web/20180324020147/https:/www.tinydeal.com/nl/127-x-30cm-diy-carbon-fiber-wrap-roll-sticker-for-car-vehicle-detailing-p-170510.html,Ft855,"Ft1,588 "
130cm Nylon Canvas Ademende Military Tactical Mannen Waist Belt w / kunststof gesp DBL-543200,https://web.archive.org/web/20180324020147/https:/www.tinydeal.com/nl/130cm-nylon-canvas-breathable-military-tactical-men-waist-belt-w-plastic-buckle-p-172677.html,,
"1/2/4 stuks 105 Degree Driver Drilling Shank schroevendraaier voor 1/4"" Hex Drill Bit HHI-532756",https://web.archive.org/web/20180324020147/https:/www.tinydeal.com/nl/124-pcs-105-degree-driver-drilling-shank-screwdriver-for-14-hex-drill-bit-p-167042.html,Ft914,"Ft1,148 "
Smartphone Holder Water Drop Finger Ring Matel standhouder Bracket EPA-528525,https://web.archive.org/web/20180324020147/https:/www.tinydeal.com/nl/smartphone-holder-water-drop-finger-ring-matel-stand-holder-bracket-p-165385.html,Ft473,"Ft1,294 "
1/2/5/10 pcs snurken stop Silicone Neusbeugel slaap Device BKH-531636,https://web.archive.org/web/20180324020147/https:/www.tinydeal.com/nl/12510-pcs-snore-stopper-silicone-nose-clip-sleeping-device-p-166268.html,Ft247,Ft372 
Artificial Silicone Soft Bait Set Luminous Shrimp Fishing Lure met haak SFS-545519,https://web.archive.org/web/20180324020147/https:/www.tinydeal.com/nl/artificial-silicone-soft-bait-set-luminous-shrimp-fishing-lure-with-hook-p-173693.html,Ft401,Ft711 
1/2/4 stuks Solar Wandlamp MZ-T1 20-LED Auto ON / OFF Night Light HLT-524784,https://web.archive.org/web/20180324020147/https:/www.tinydeal.com/nl/124-pcs-solar-wall-lamp-mz-t1-20-led-auto-onoff-night-light-p-163833.html,"Ft2,164","Ft4,634 "
Magnetische 1M Micro USB Cable Sync/Charge Cable voor Samsung Xiaomi EPACB-487297,https://web.archive.org/web/20180324020147/https:/www.tinydeal.com/nl/12-pcs-standard-1m-magnetic-charge-cable-detachable-micro-usb-metal-plug-p-156704.html,Ft727,"Ft1,667 "
Artritis Handschoenen deels koperen Compression Speed Up Recovery & symptomen te verlichten DTH-539098,https://web.archive.org/web/20180324020147/https:/www.tinydeal.com/nl/arthritis-gloves-copper-infused-compression-speed-up-recovery-relieve-symptoms-p-170663.html,Ft688,"Ft1,167 "
Mannen Shaper Tummy Tank Top Afslanken Vest Weight Loss Shapewear neopreen No Zip BKH-542005,https://web.archive.org/web/20180324020147/https:/www.tinydeal.com/nl/mens-shaper-tummy-tank-top-slimming-vest-weight-loss-shapewear-neoprene-no-zip-p-172045.html,"Ft1,761","Ft2,336 "
4 stuks Double-end Gemakkelijk Out Schroef Remover HHI-527004,https://web.archive.org/web/20180324020147/https:/www.tinydeal.com/nl/4pcs-double-end-easy-out-screw-remover-p-164815.html,Ft863,"Ft1,578 "
1/2 stuks CREE XM-L T6 1-LED 3800LM 5 Modes Zoom LED zaklamp STH-485135,https://web.archive.org/web/20180324020147/https:/www.tinydeal.com/nl/12-pcs-cree-xm-l-t6-1-led-3800lm-5-modes-zoom-led-flashlight-p-156642.html,"Ft1,490","Ft3,264 "
"8.5"" LCD Writing Tablet of Environmental Protection Drawing Board Gifts f Kids TTH-530169",https://web.archive.org/web/20180324020147/https:/www.tinydeal.com/nl/85-lcd-writing-tablet-of-environmental-protection-drawing-board-gifts-f-kids-p-166085.html,"Ft2,860","Ft3,732 "
H96 MAX TV Box RK3328 Quad Core 4G + 32G Android 7.1 HD Dual WiFi BT Smart TV Box E-542937,https://web.archive.org/web/20180324020147/https:/www.tinydeal.com/nl/h96-max-tv-box-rk3328-quad-core-4g32g-android-71-hd-dual-wifi-bt-smart-tv-box-p-172801.html,"Ft17,633","Ft23,984 "
Big Vision 160% Vergroting 250 ° presbyope bril ziet dingen Big & Clear HHI-532578,https://web.archive.org/web/20180324020147/https:/www.tinydeal.com/nl/big-vision-160-magnification-250°-presbyopic-glasses-see-things-big-clear-p-166775.html,"Ft1,143","Ft1,382 "
Roestvrij staal vacuüm verpakt Red Wine Bottle Stopper Spuiten HKI-507455,https://web.archive.org/web/20180324020147/https:/www.tinydeal.com/nl/stainless-steel-vacuum-sealed-red-wine-bottle-stopper-spout-p-158461.html,Ft579,"Ft1,271 "
Multi-functioneel Ultralight Folding Portable Credit Card Knives S-523865,https://web.archive.org/web/20180324020147/https:/www.tinydeal.com/nl/multi-functional-ultralight-folding-portable-credit-card-knives-p-163478.html,Ft299,Ft752 
SAMSUNG Micro SDHC 32GB 95MB / s Memory Card Class10 SDHC UHS-I SD-kaart EFM-532777,https://web.archive.org/web/20180324020147/https:/www.tinydeal.com/nl/samsung-micro-sdhc-32gb-95mbs-memory-card-class10-sdhc-uhs-i-sd-card-p-167039.html,,
Vrouwen Kat Panties Anti Emptied Oxytocisch 3D Printing Cats Briefs DUW-504054,https://web.archive.org/web/20161026080709/http:/www.tinydeal.com/women-pussycat-panties-anti-emptied-oxytropis-3d-printing-cats-briefs-p-158154.html,$2.78,$4.52 
"XIAOMI REDMI 3 PRO 5.0"" HD Snapdragon 616 64-bit 32GB ROM 4G Phone P04-AHM3P",https://web.archive.org/web/20161026080709/http:/www.tinydeal.com/xiaomi-redmi-3-pro-50-hd-snapdragon-616-64-bit-32gb-rom-4g-phone-p-158961.html,$149.99,$188.93 
"K6000 HD 1080P 2.4"" TFT Vehicle Blackbox DVR Camcorder RCM-519296",https://web.archive.org/web/20161026080709/http:/www.tinydeal.com/k6000-hd-1080p-24-tft-vehicle-blackbox-dvr-camcorder-p-161554.html,$10.99,$14.94 
L18 Smart Bracelet Bloed Druk Hart Slag f Android/IOS Telefoon E-470781,https://web.archive.org/web/20161026080709/http:/www.tinydeal.com/37°-l18-smart-bracelet-blood-pressure-heart-rate-f-androidios-phone-p-156228.html,$18.81,$19.09 
"LEAGOO SHARK 1 6.0"" FHD MTK6753 64-bit Octa-core Android 5.1 4G Phone P04-SHARK1",https://web.archive.org/web/20161026080709/http:/www.tinydeal.com/leagoo-shark-1-60-fhd-mtk6753-64-bit-octa-core-android-51-4g-phone-p-158553.html,$159.99,$197.41 
OUKITEL K6000 PRO Android 6.0 4G Phone + Flip Cover + Screen Protector KB-515063,https://web.archive.org/web/20161026080709/http:/www.tinydeal.com/oukitel-k6000-pro-android-60-4g-phone-flip-cover-screen-protector-p-159436.html,$155.67,$215.39 
ORICO 2599US3 2.5 inch USB3.0 HDD/SSD Hard Drive Enclosure Tool-Free ECAHD-507881,https://web.archive.org/web/20161026080709/http:/www.tinydeal.com/orico-2599us3-25-inch-usb30-hddssd-hard-drive-enclosure-tool-free-p-158502.html,$8.20,$12.05 
"LENOVO VIBE P1 5.5"" FHD MSM8939 Octa-core Android 5.1 4G Phone P04-LEP1M",https://web.archive.org/web/20161026080709/http:/www.tinydeal.com/lenovo-vibe-p1-55-fhd-msm8939-octa-core-android-51-4g-phone-p-161102.html,$141.80,$235.59 
"LENOVO VIBE P1 5.5"" FHD MSM8939 Octa-core Android 5.1 4G Phone P03-LEP1M",https://web.archive.org/web/20161026080709/http:/www.tinydeal.com/lenovo-vibe-p1-55-fhd-msm8939-octa-core-android-51-4g-phone-p-161103.html,$143.74,$233.84 
Original Xiaomi Roidmi 2S Music Bluetooth Car Charger RCG-518810,https://web.archive.org/web/20161026080709/http:/www.tinydeal.com/original-xiaomi-roidmi-2s-music-bluetooth-car-charger-p-161220.html,$14.95,$26.89 
Uniseks Vouwbaar Magnetisch Magnifying Neck Hangen Reading Brillen HHI-490694,https://web.archive.org/web/20161026080709/http:/www.tinydeal.com/unisex-folding-magnetic-magnifying-neck-hanging-reading-glasses-p-157080.html,$2.74,$3.97 
Original Xiaomi Roidmi 2S Bluetooth Car Charger- INTERNATIONAL VERSION RCG-519355-C3,https://web.archive.org/web/20161026080709/http:/www.tinydeal.com/original-xiaomi-roidmi-2s-bluetooth-car-charger-international-version-p-162391.html,$17.57,$37.14 
3D Mini Mobile Phone Camera Lens f iPhone Smartphone Tablet E-512678,https://web.archive.org/web/20161026080709/http:/www.tinydeal.com/3d-mini-mobile-phone-camera-lens-f-iphone-smartphone-tablet-p-159199.html,$4.64,$5.66 
"VERNEE Mars 4GB RAM 5.5"" FHD MTK6755 Octa-core Android 6.0 4G Phone P086-VMARS",https://web.archive.org/web/20161026080709/http:/www.tinydeal.com/vernee-mars-4gb-ram-55-fhd-mtk6755-octa-core-android-60-4g-phone-p-161913.html,$199.99,$229.20 
"BLACKVIEW BV6000 4.7"" HD MTK6755 64-bit Android 6.0 3GB RAM 4G Phone P084-BV6000",https://web.archive.org/web/20161026080709/http:/www.tinydeal.com/blackview-bv6000-47-hd-mtk6755-64-bit-android-60-3gb-ram-4g-phone-p-159168.html,$204.42,$258.00 
POFAN Micro USB / 8 Pin USB Charging Cable for iPhone and Android EPA-518036-C2,https://web.archive.org/web/20161026080709/http:/www.tinydeal.com/pofan-micro-usb-8-pin-usb-charging-cable-for-iphone-and-android-p-162124.html,$2.87,$5.69 
"2.5"" 720P Car DVR Recorder 6 LED Infrared Night Vision Camera RGP-515638",https://web.archive.org/web/20161026080709/http:/www.tinydeal.com/25-720p-car-dvr-recorder-6-led-infrared-night-vision-camera-p-160021.html,$12.99,$17.27 
"LEAGOO M5 MTK6580 Quad-core 5.0"" HD Android 6.0 Touch ID 3G Phone P07-LEAM5",https://web.archive.org/web/20161026080709/http:/www.tinydeal.com/leagoo-m5-mtk6580-quad-core-50-hd-android-60-touch-id-3g-phone-p-160493.html,$78.14,$146.21 
"LEAGOO M5 MTK6580 Quad-core 5.0"" HD Android 6.0 Touch ID 3G Phone P05-LEAM5",https://web.archive.org/web/20161026080709/http:/www.tinydeal.com/leagoo-m5-mtk6580-quad-core-50-hd-android-60-touch-id-3g-phone-p-160494.html,$72.99,$132.60 
"USB 3.0 naar 2.5"" Mobile HDD SATA Hard Drive Cable Adapter HHI-494016",https://web.archive.org/web/20161026080709/http:/www.tinydeal.com/usb-30-to-25-mobile-hddssd-sata-hard-drive-cable-adapter-p-157311.html,$4.86,$5.48 
Mini USB Rechargeable LED Flashlight Waterproof Torch with Keychain STH-386687,https://web.archive.org/web/20161026080709/http:/www.tinydeal.com/mini-usb-rechargeable-led-flashlight-waterproof-torch-with-keychain-p-147976.html,$2.53,$2.81 
10pcs LED Light-up Balloons Luminous Balloon for Party Decor HHI-469167,https://web.archive.org/web/20161026080709/http:/www.tinydeal.com/10pcs-led-light-up-balloons-luminous-balloon-for-party-decor-p-156191.html,$2.71,$4.39 
"XIAOMI Mi 5S 64GB ROM 5.15"" FHD Snapdragon 821 Android 6.0 4G Phone P03-MI5S",https://web.archive.org/web/20161026080709/http:/www.tinydeal.com/xiaomi-mi-5s-64gb-rom-515-fhd-snapdragon-821-android-60-4g-phone-p-162019.html,$348.99,$568.57 
BASEUS 1M Magnetic Charge Cable + Detachable Micro USB Metal Plug EPACB-517039,https://web.archive.org/web/20161026080709/http:/www.tinydeal.com/baseus-1m-magnetic-charge-cable-detachable-micro-usb-metal-plug-p-160428.html,$7.75,$9.58 
111 x Summer Cool Water Fight Balloons 3 x Bunches for Kids Children TDS-424926,https://web.archive.org/web/20161026080709/http:/www.tinydeal.com/111-x-summer-cool-water-fight-balloons-3-x-bunches-for-kids-children-p-154145.html,$3.63,$6.35 
"ZTE Z7 MAX 5.5"" FHD Snapdragon 801 Quad-core Android 5.1 4G Phone P07-Z7MAX",https://web.archive.org/web/20161026080709/http:/www.tinydeal.com/zte-z7-max-55-fhd-snapdragon-801-quad-core-android-51-4g-phone-p-160547.html,$116.74,$340.52 
UV Ultra Violet Blacklight 12 LEDs Flashlight Torch Light HLT-520936,https://web.archive.org/web/20161026080709/http:/www.tinydeal.com/uv-ultra-violet-blacklight-12-leds-flashlight-torch-light-p-162096.html,$3.67,$4.56 
2pcs Stainless Steel Vacuum Sealed Red Wine Bottle Stopper Spout KB-510170,https://web.archive.org/web/20161026080709/http:/www.tinydeal.com/2pcs-stainless-steel-vacuum-sealed-red-wine-bottle-stopper-spout-p-158727.html,$3.74,$3.86 
16-LED Solar Powered Motion Infrared Induction Security Wall Light HSI-310119,https://web.archive.org/web/20161026080709/http:/www.tinydeal.com/16-led-solar-powered-motion-infrared-induction-security-wall-light-p-128773.html,$11.24,$18.55 
"ASUS Pegasus 2 Plus X550 5.5"" 64-bit Octa-core Android 5.1 4G Phone P04-ASFM2",https://web.archive.org/web/20161026080709/http:/www.tinydeal.com/asus-pegasus-2-plus-x550-55-64-bit-octa-core-android-51-4g-phone-p-161520.html,$119.99,$262.11 
Kleurrijke Yoga Anti Skid Slip Socks Deodorant Ademend Toe Socks DST-500091,https://web.archive.org/web/20161026080709/http:/www.tinydeal.com/colorful-yoga-anti-skid-slip-socks-deodorant-breathable-toe-socks-p-157869.html,$2.26,$2.65 
Magic Nano Emery Spons Brush gum Cleaner Rust Cleaning Tool HKI-502638,https://web.archive.org/web/20161026080709/http:/www.tinydeal.com/magic-nano-emery-sponge-brush-eraser-cleaner-rust-cleaning-tool-p-158101.html,$1.42,$3.36 
MiraScreen 2.4GHz Wireless HDMI AM8252 Wi-Fi Display Dongle ETATH-505244,https://web.archive.org/web/20161026080709/http:/www.tinydeal.com/mirascreen-24ghz-wireless-hdmi-am8252-wi-fi-display-dongle-p-158225.html,$11.83,$14.66 
Simplified Package Original Xiaomi Black Bluetooth V4.1 Headset EPATH-412327,https://web.archive.org/web/20161026080709/http:/www.tinydeal.com/simplified-package-original-xiaomi-black-bluetooth-v41-headset-p-152942.html,$13.87,$18.51 
220-240V E27 18W 1650LM 56-LED SMD 5630 LED Corn Bulb HLT-363829-D1,https://web.archive.org/web/20161026080709/http:/www.tinydeal.com/220-240v-e27-18w-1650lm-56-led-smd-5630-led-corn-bulb-p-160170.html,$2.28,$5.96 
"CUBOT MAX 6.0"" HD MTK6753A Octa-core 64-bit Android 6.0 4G Phone P07-CUMAX",https://web.archive.org/web/20161026080709/http:/www.tinydeal.com/cubot-max-60-hd-mtk6753a-octa-core-64-bit-android-60-4g-phone-p-161095.html,$127.44,$234.65 
Simplified Package 216 x 3mm Buckyballs Magnetic DIY Balls Neocube TTH-417687,https://web.archive.org/web/20161026080709/http:/www.tinydeal.com/simplified-package-216-x-3mm-buckyballs-magnetic-diy-balls-neocube-p-153376.html,$4.47,$7.59 
"VERNEE Mars 4GB RAM 5.5"" FHD MTK6755 Octa-core Android 6.0 4G Phone P04-VMARS",https://web.archive.org/web/20161026080709/http:/www.tinydeal.com/vernee-mars-4gb-ram-55-fhd-mtk6755-octa-core-android-60-4g-phone-p-161914.html,$199.99,$229.20 
"LEAGOO SHARK 1 6.0"" FHD MTK6753 64-bit Octa-core Android 5.1 4G Phone P05-SHARK1",https://web.archive.org/web/20161026080709/http:/www.tinydeal.com/leagoo-shark-1-60-fhd-mtk6753-64-bit-octa-core-android-51-4g-phone-p-158552.html,$159.99,$196.16 
"XIAOMI REDMI 3S 5.0"" HD IPS 64-bit Snapdragon 430 Android 6.0 4G Phone P03-AHM3S",https://web.archive.org/web/20161026080709/http:/www.tinydeal.com/xiaomi-redmi-3s-50-hd-ips-64-bit-snapdragon-430-android-60-4g-phone-p-160143.html,$126.99,$167.14 
"HOMTOM HT17 5.5"" HD MTK6737 64-bit Quad-core Android 6.0 4G Phone P05-HT17",https://web.archive.org/web/20161026080709/http:/www.tinydeal.com/homtom-ht17-55-hd-mtk6737-64-bit-quad-core-android-60-4g-phone-p-159506.html,$74.57,$96.84 
Originele Xiaomi Cirkel Iron Stereo In Ear Earphone met Mic EEP-490873,https://web.archive.org/web/20161026080709/http:/www.tinydeal.com/original-xiaomi-dual-driver-stereo-in-ear-earphone-with-mic-iem-p-156864.html,$17.80,$18.85 
Silicone Plastic Wrap Sealing Vacuum Lid for Bowl to Keep Fresh HKI-470788,https://web.archive.org/web/20161026080709/http:/www.tinydeal.com/silicone-plastic-wrap-sealing-vacuum-lid-for-bowl-to-keep-fresh-p-156188.html,$1.79,$2.92 
"OUKITEL K6000 PRO 5.5"" FHD 3GB RAM MTK6753 Android 6.0 4G Phone P04-K6000P",https://web.archive.org/web/20161026080709/http:/www.tinydeal.com/oukitel-k6000-pro-55-fhd-3gb-ram-mtk6753-android-60-4g-phone-p-159296.html,$149.99,$254.76 
Stereo In-ear Earphone Reflectieve Fiber Stof Line m/ 3.5mm Jack EEP-489927,https://web.archive.org/web/20161026080709/http:/www.tinydeal.com/stereo-in-ear-earphone-reflective-fiber-cloth-line-w-35mm-jack-p-156832.html,$1.28,$3.45 
"XIAOMI REDMI NOTE 4 MTK6797 Deca-core 5.5"" FHD Android 6.0 4G Phone P086-HMNO4",https://web.archive.org/web/20161026080709/http:/www.tinydeal.com/xiaomi-redmi-note-4-mtk6797-deca-core-55-fhd-android-60-4g-phone-p-161397.html,$166.99,$272.22 
Meegopad T07 Windows 10 Z8300 4GB 32GB Mini PC w/ HDMI USB Port E-505951,https://web.archive.org/web/20161026080709/http:/www.tinydeal.com/meegopad-t07-pro-windows-10-z8300-4gb-32gb-mini-pc-w-hdmi-usb-port-p-158376.html,$96.32,$158.83 
"ASUS Pegasus 2 Plus X550 5.5"" 64-bit Octa-core Android 5.1 4G Phone P07-ASFM2",https://web.archive.org/web/20161026080709/http:/www.tinydeal.com/asus-pegasus-2-plus-x550-55-64-bit-octa-core-android-51-4g-phone-p-158019.html,$119.99,$263.36 
Sharp Splitter Watermelon Slicer Corer Stainless Steel Fruit Peeler HKI-511914,https://web.archive.org/web/20161026080709/http:/www.tinydeal.com/sharp-splitter-watermelon-slicer-corer-stainless-steel-fruit-peeler-p-159080.html,$3.48,$5.99 
37 inch Retractable Micro USB Charge/Sync Colorful Light Cable EPACB-468956,https://web.archive.org/web/20161026080709/http:/www.tinydeal.com/37-inch-retractable-micro-usb-chargesync-colorful-light-cable-p-156152.html,$1.81,$6.19 
UV400 Fietsen Bicycle Bike Sports Eyewear Zonnebril Rijden Bril SBK-494441,https://web.archive.org/web/20161026080709/http:/www.tinydeal.com/uv400-cycling-bicycle-bike-sports-eyewear-sunglasses-riding-glasses-p-157323.html,$2.00,$2.73 
"HOMTOM HT10 5.5"" FHD 64-bit MTK6797 Deca-core Android 6.0 4G Phone GMS P05-HT10",https://web.archive.org/web/20161026080709/http:/www.tinydeal.com/homtom-ht10-55-fhd-64-bit-mtk6797-deca-core-android-60-4g-phone-gms-p-160248.html,,
USB Rechargeable Cigarette Lighter with Red LED Light HHIJL-371348,https://web.archive.org/web/20161026080709/http:/www.tinydeal.com/usb-rechargeable-cigarette-lighter-with-red-led-light-p-144364.html,$2.10,$2.44 
"LETV LE MAX 2 MSM8996 Quad-core 5.7"" 2K 4GB RAM Android 6.0 4G Phone P081-LEMAX2",https://web.archive.org/web/20161026080709/http:/www.tinydeal.com/letv-le-max-2-msm8996-quad-core-57-2k-4gb-ram-android-60-4g-phone-p-161827.html,$255.70,$295.18 
"LETV LE 2 MTK6797 Deca-core 3GB RAM 32GB ROM 5.5"" Android 6.0 Phone P04-LEP2",https://web.archive.org/web/20161026080709/http:/www.tinydeal.com/letv-le-2-mtk6797-deca-core-3gb-ram-32gb-rom-55-android-60-phone-p-159145.html,$189.85,$212.47 
Outdoor Sport Safety Warning Wrist LED Light Clip Luminous Lamp HLT-520170,https://web.archive.org/web/20161026080709/http:/www.tinydeal.com/outdoor-sport-safety-warning-wrist-led-light-clip-luminous-lamp-p-161809.html,$2.70,$3.60 
"XIAOMI REDMI NOTE 3 5.5"" FHD MTK6795 64-bit Android 5.0 4G Mobiel P086-HMNO3",https://web.archive.org/web/20160302105719/http:/www.tinydeal.com/xiaomi-redmi-note-3-55-fhd-mtk6795-64-bit-android-50-4g-phone-p-157314.html,,
Men Comfy Soft Cotton Modal Underwear Boxers Shorts Briefs DUW-385342,https://web.archive.org/web/20160302105719/http:/www.tinydeal.com/men-comfy-soft-cotton-modal-underwear-boxers-shorts-briefs-p-147500.html,$2.57,$2.96 
W5 GPS Kid Positionering Smart Horloge MTK6261 Core voor Android/iOS WWT-384086,https://web.archive.org/web/20160302105719/http:/www.tinydeal.com/w5-gps-kid-positioning-smart-watch-mtk6261-core-for-androidios-p-147415.html,$21.26,$26.25 
Mini Microfiber Glasses Eyeglasses Cleaner Cleaning Clip HHI-372506,https://web.archive.org/web/20160302105719/http:/www.tinydeal.com/mini-microfiber-glasses-eyeglasses-cleaner-cleaning-clip-p-144377.html,,
Flexible Octopus Tripod Bracket Selfie Stand Mount Phone Holder EPATH-497774,https://web.archive.org/web/20160302105719/http:/www.tinydeal.com/flexible-octopus-tripod-bracket-selfie-stand-mount-phone-holder-p-157480.html,$2.90,$7.36 
Mini Sleutel Vouwbare Pocket Mes Sleutel Chain Mes Peller NLC-484900,https://web.archive.org/web/20160302105719/http:/www.tinydeal.com/mini-key-folding-pocket-knife-keychain-knife-peeler-p-156593.html,$1.09,$1.81 
Universal Micro USB Male to USB Male Cable for Cell Phone MCB-148607,https://web.archive.org/web/20160302105719/http:/www.tinydeal.com/universal-micro-usb-male-to-usb-male-cable-for-cell-phone-p-80349.html,$0.90,$1.15 
Smart Talking Music Beanie Hat w/ Bluetooth Stereo Headsets EPATH-354700,https://web.archive.org/web/20160302105719/http:/www.tinydeal.com/smart-talking-music-beanie-hat-w-bluetooth-stereo-headsets-p-140170.html,$8.99,$18.95 
Mini Tool Priem Plate Gadget voor Take Out Magnetisch Cable Connector EPACB-501737,https://web.archive.org/web/20160302105719/http:/www.tinydeal.com/mini-tool-pry-plate-gadget-for-take-out-magnetic-cable-connector-p-157971.html,$0.99,$1.86 
Simple Package Fashion Xiaomi MiBand Smart Bracelet WWT-364568,https://web.archive.org/web/20160302105719/http:/www.tinydeal.com/simple-package-fashion-xiaomi-miband-smart-bracelet-p-142799.html,$14.92,$18.49 
R-Horloge M26 Smart Sport Horloge Anti-Diefstal Bluetooth f Telefoon WWT-311830,https://web.archive.org/web/20160302105719/http:/www.tinydeal.com/r-watch-m26-smart-sports-watch-anti-theft-bluetooth-40-f-phone-p-129067.html,$17.06,$19.18 
Unisex Vouwbare Magnetisch Neck Hangende Lezen Bril met LED Licht DGS-499934,https://web.archive.org/web/20160302105719/http:/www.tinydeal.com/unisex-folding-magnetic-neck-hanging-reading-glasses-with-led-light-p-157826.html,$3.06,$3.70 
Simplified Package Xiaomi Piston 3rd Edition Earphone Mic EEP-406704,https://web.archive.org/web/20160302105719/http:/www.tinydeal.com/simplified-package-xiaomi-piston-3rd-edition-earphone-mic-p-152006.html,$13.29,$19.29 
"ELEPHONE M2 5.5"" FHD MTK6753 64-bit Octa-core Android 5.1 4G Phone P086-EPM2",https://web.archive.org/web/20160302105719/http:/www.tinydeal.com/elephone-m2-55-fhd-mtk6753-64-bit-octa-core-android-51-4g-phone-p-156647.html,$161.03,$207.47 
SK68 CREE Q5 3W 1-Mode Zoom LED Flashlight Torch with Clip FLD-34942,https://web.archive.org/web/20160302105719/http:/www.tinydeal.com/sk68-cree-q5-3w-1-mode-zoom-led-flashlight-torch-with-clip-p-28879.html,$2.88,$4.12 
250ml Ultrasonisch USB Waterdrop Aroma Humidifier met Nacht Licht HHI-501561,https://web.archive.org/web/20160302105719/http:/www.tinydeal.com/250ml-ultrasonic-usb-water-drop-aroma-humidifier-with-night-light-p-157951.html,$10.06,$13.67 
"DOOGEE X5 Pro 5"" HD MTK6735P Quad-core 64-bit Android 5.1 4G Phone P07-X5PRO",https://web.archive.org/web/20160302105719/http:/www.tinydeal.com/doogee-x5-pro-5-hd-mtk6735p-quad-core-64-bit-android-51-4g-phone-p-156090.html,$87.87,$97.64 
UV400 Fietsen Bicycle Bike Sports Eyewear Zonnebril Rijden Bril SBK-494441,https://web.archive.org/web/20160302105719/http:/www.tinydeal.com/uv400-cycling-bicycle-bike-sports-eyewear-sunglasses-riding-glasses-p-157323.html,,
Light Controlled Square LED Wall Nacht Lamp Slaapkamer Nacht Light HLT-506114,https://web.archive.org/web/20160302105719/http:/www.tinydeal.com/light-controlled-square-led-wall-night-lamp-bedroom-night-light-p-158312.html,$2.81,$3.28 
360 Graden Rotatie Car/Bike Multi-functie Smartphone Houder EPA-489616,https://web.archive.org/web/20160302105719/http:/www.tinydeal.com/360-degrees-rotatable-carbike-multi-function-smartphone-holder-p-156862.html,$3.59,$5.43 
Magic Nano Emery Spons Brush gum Cleaner Rust Cleaning Tool HKI-502638,https://web.archive.org/web/20160302105719/http:/www.tinydeal.com/magic-nano-emery-sponge-brush-eraser-cleaner-rust-cleaning-tool-p-158101.html,$1.46,$1.93 
"DOOGEE Y100 Pro 5"" MTK6735 Quad-core 64-bit Android 5.1 4G Phone P086-Y100PRO",https://web.archive.org/web/20160302105719/http:/www.tinydeal.com/doogee-y100-pro-5-mtk6735p-quad-core-64-bit-android-51-4g-phone-p-151474.html,$107.20,$136.44 
Replacement Silicone Black Miband / 1S Bracelet Wrist Strap WWTWA-379998,https://web.archive.org/web/20160302105719/http:/www.tinydeal.com/replacement-silicone-black-miband-1s-bracelet-wrist-strap-p-146658.html,,
Facial Shaver for Underarms Legs HBI-4269,https://web.archive.org/web/20160302105719/http:/www.tinydeal.com/facial-shaver-for-underarms-legs-p-3863.html,$2.38,$2.68 
originele Leren case en Screen Guard voor DOOGEE X5 series EPATH-486217,https://web.archive.org/web/20160302105719/http:/www.tinydeal.com/original-leather-case-and-screen-guard-for-doogee-x5-series-p-156677.html,$7.43,$9.19 
E27/E14/G9/GU10/B22 220V 18W 1650LM 56-LED SMD 5730 LED Corn Bulb HLT-415515,https://web.archive.org/web/20160302105719/http:/www.tinydeal.com/e27e14g9gu10b22-220v-18w-1650lm-56-led-smd-5730-led-corn-bulb-p-153653.html,$2.46,$3.79 
Zinc Legering Silver Plated Verstelbaar Spanner Keychain HHI-498221,https://web.archive.org/web/20160302105719/http:/www.tinydeal.com/zinc-alloy-silver-plated-adjustable-spanner-keychain-p-157604.html,$1.45,$2.69 
JJRC H20 One Key Return 2.4G Headless RC Mini Hexacopter TRC-434755,https://web.archive.org/web/20160302105719/http:/www.tinydeal.com/jjrc-h20-one-key-return-24g-headless-rc-mini-hexacopter-p-154952.html,$17.97,$19.24 
100-240V Rood & Groen Outdoor Waterproof Laser Kerst Licht Star HLT-491186,https://web.archive.org/web/20160302105719/http:/www.tinydeal.com/100-240v-red-green-outdoor-waterproof-laser-christmas-light-star-p-157063.html,,
Universal Air Vent Magnetische Auto Mount Mobile Phone Houder Stand RTH-497869,https://web.archive.org/web/20160302105719/http:/www.tinydeal.com/universal-air-vent-magnetic-car-mount-mobile-phone-holder-stand-p-157697.html,$2.59,$3.20 
Nieuwe Stijlvol Juwelen Crystal Love Heart-Shaped Bracelet v/ Vrouwen DJA-491496,https://web.archive.org/web/20160302105719/http:/www.tinydeal.com/new-stylish-jewelry-crystal-love-heart-shaped-bracelet-for-women-p-157072.html,$1.38,$1.71 
Upgraded Portable Xiaomi Mini Buigbare 5V 2.5W USB LED Light Lamp E-498351,https://web.archive.org/web/20160302105719/http:/www.tinydeal.com/upgraded-portable-xiaomi-mini-bendable-5v-25w-usb-led-light-lamp-p-157588.html,$4.59,$7.75 
Xiaomi Flexible Detachable Low Power Consumption Silence USB Fan EPATH-396835,https://web.archive.org/web/20160302105719/http:/www.tinydeal.com/xiaomi-flexible-detachable-low-power-consumption-silence-usb-fan-p-149978.html,$2.99,$5.71 
Genuine Xiaomi Smart Bluetooth Weighing Scales BBI-384696,https://web.archive.org/web/20160302105719/http:/www.tinydeal.com/genuine-xiaomi-smart-bluetooth-weighing-scales-p-147326.html,$23.99,$28.46 
"ELEPHONE VOWNEYLITE 5.5"" LCD MTK6795 64-bit Android 5.1 4G Phone P05-EPLITE",https://web.archive.org/web/20160302105719/http:/www.tinydeal.com/elephone-vowney-lite-55-lcd-mtk6795-64-bit-android-51-4g-phone-p-156895.html,,
"TCL I708U 5"" HD OGS MTK6732 Quad-core 64-bit Android 4.4 4G Phone P02-I708U",https://web.archive.org/web/20160302105719/http:/www.tinydeal.com/tcl-i708u-5-hd-ogs-mtk6732-quad-core-64-bit-android-44-4g-phone-p-158036.html,$76.67,$153.35 
2.4GHz 1600dpi Wireless Optical Mouse Mice CMS-11833,https://web.archive.org/web/20160302105719/http:/www.tinydeal.com/24ghz-1600dpi-wireless-optical-mouse-mice-p-10528.html,$3.59,$4.49 
216 x 3mm Buckyballs Magic Magnetic DIY Balls Neocube Puzzle Toy FMC-77085,https://web.archive.org/web/20160302105719/http:/www.tinydeal.com/216-x-3mm-buckyballs-magic-magnetic-diy-balls-neocube-puzzle-toy-p-53856.html,$5.31,$6.55 
Soft Silicone Back Case Frosted Shield for LENOVO A806 EPASC-418796,https://web.archive.org/web/20160302105719/http:/www.tinydeal.com/soft-silicone-back-case-frosted-shield-for-lenovo-a806-p-153618.html,$2.90,$3.25 
LED Pulse Oximeter Finger Pulse Blood Oxygen SpO2 PR Monitor BKH-324889,https://web.archive.org/web/20160302105719/http:/www.tinydeal.com/led-pulse-oximeter-finger-pulse-blood-oxygen-spo2-pr-monitor-p-132914.html,$16.63,$19.56 
10CM Length USB 2.0 Female to Micro USB Male OTG Cable CCB-177910,https://web.archive.org/web/20160302105719/http:/www.tinydeal.com/10cm-length-usb-20-female-to-micro-usb-male-otg-cable-p-89758.html,$0.73,$0.90 
Temperature Sensor 3-Color Changing LED Faucet for Home Use HLI-135323,https://web.archive.org/web/20160302105719/http:/www.tinydeal.com/temperature-sensor-3-color-changing-led-faucet-for-home-use-p-75236.html,$2.58,$2.87 
KINGSTON Original 32GB Class 10 Micro SDHC Card EFM-300170,https://web.archive.org/web/20160302105719/http:/www.tinydeal.com/kingston-original-32gb-class-10-micro-sdhc-card-p-125840.html,$9.58,$18.25 
16GB USB 2.0 Flash Drive USB Memory Card U Disk EUD-337405,https://web.archive.org/web/20160302105719/http:/www.tinydeal.com/16gb-usb-20-flash-drive-usb-memory-card-u-disk-p-136203.html,$4.20,$6.77 
SeresRoad® Rood & Groen Buiten Waterdicht Laser Kerst Licht Ster STH-468529,https://web.archive.org/web/20160302105719/http:/www.tinydeal.com/red-green-outdoor-waterproof-laser-christmas-light-star-p-156685.html,,
MiraScreen 2.4GHz Wireless HDMI AM8252 Wi-Fi Display Dongle ETATH-505244,https://web.archive.org/web/20160302105719/http:/www.tinydeal.com/mirascreen-24ghz-wireless-hdmi-am8252-wi-fi-display-dongle-p-158225.html,$12.82,$14.87 
Chiffon Blue and White Porcelain Women's National Style Scarf DCD-312634,https://web.archive.org/web/20160302105719/http:/www.tinydeal.com/chiffon-blue-and-white-porcelain-womens-national-style-scarf-p-128868.html,$1.85,$15.76 
SAMSUNG 16GB EVO Class 10 Micro SDHC UHS-I Memory Card ATF-136013,https://web.archive.org/web/20160302105719/http:/www.tinydeal.com/samsung-16gb-evo-class-10-micro-sdhc-uhs-i-memory-card-p-75170.html,$6.26,$16.85 
20pcs Windbestendig Waterproof Noodgeval Matches Outdoor Survival Tool S-501288,https://web.archive.org/web/20160302105719/http:/www.tinydeal.com/20pcs-windproof-waterproof-emergency-matches-outdoor-survival-tool-p-157959.html,,
Q18 Smart Watch Phone Curve Screen NFC Kompas 1.3MP Pedometer E-486140,https://web.archive.org/web/20160302105719/http:/www.tinydeal.com/q18apro-smart-watch-phone-curve-screen-nfc-compass-13mp-pedometer-p-156779.html,$33.68,$74.52 
Originele TPU Protector Hard Case voor DOOGEE X5 EPASC-480256,https://web.archive.org/web/20160302105719/http:/www.tinydeal.com/original-tpu-protector-hard-case-for-doogee-x5-x5-pro-x5s-p-156480.html,$2.84,$3.25 
110V-240V Automatic Intelligent Straight Hair Electric Comb BBI-443665,https://web.archive.org/web/20160302105719/http:/www.tinydeal.com/110v-240v-automatic-intelligent-straight-hair-electric-comb-p-155335.html,$20.93,$35.11 
"LENOVO A916 5.5"" HD MTK6592 Octa-core Android 4.4 4G LTE Phone P05-A916",https://web.archive.org/web/20160302105719/http:/www.tinydeal.com/lenovo-a916-55-hd-mtk6592-octa-core-4g-lte-phone-p-140350.html,$95.17,$198.29 
W90 Bluetooth Camera SMS Smart Watch Phone Pedometer Anti Lost WWT-460938,https://web.archive.org/web/20160302105719/http:/www.tinydeal.com/w90-bluetooth-camera-sms-smart-watch-phone-pedometer-anti-lost-p-155979.html,$25.55,$28.67 
All-in-one USB 2.0 Flash Memory Card Reader CCR-95973,https://web.archive.org/web/20160302105719/http:/www.tinydeal.com/all-in-one-usb-20-flash-memory-card-reader-p-61112.html,$1.50,$1.85 
1.5M HDMI to Micro HDMI Gold Plated Cable - Black ECACB-350549,https://web.archive.org/web/20160302105719/http:/www.tinydeal.com/15m-hdmi-to-micro-hdmi-gold-plated-cable-black-p-138922.html,$2.40,$5.38 
